60,1,0,0,12,0.025454,30
61,1,0,0,3,0.025454,30
62,1,0,0,1,0.025454,29
80,0,1,0,5,0.012128,30
180,0,1,0,9,0.020526,30
181,0,1,0,12,0.025454,29
182,0,1,0,14,0.025454,30
210,0,1,0,10,0.006617,27
211,0,1,0,9,0.0068537,29
212,0,1,0,8,0.0066655,28
213,0,1,0,7,0.025454,29
214,0,1,0,12,0.025454,27
220,0,1,0,17,0.033158,29
221,0,1,0,12,0.03368,26
222,0,1,0,18,0.035729,27
223,0,1,0,12,0.025454,28
224,0,1,0,16,0.025454,26
250,0,1,0,18,0.017681,28
251,0,0,1,18,0.019277,28
260,1,0,0,8,0.013821,30
261,1,0,0,3,0.025454,30
320,0,1,0,9,0.02618,30
321,0,1,0,8,0.026804,28
322,0,1,0,6,0.025454,30
323,0,1,0,7,0.025454,28
340,1,0,0,6,0.022541,29
341,1,0,0,5,0.024422,28
342,1,0,0,4,0.025454,30
360,1,0,0,9,0.011139,29
361,1,0,0,13,0.025454,28
400,0,1,0,17,0.025454,28
440,1,0,0,6,0.01545,30
441,1,0,0,11,0.025454,29
442,1,0,0,9,0.017686,29
470,0,1,0,17,0.025454,29
471,0,1,0,15,0.016292,28
490,0,1,0,17,0.03368,30
491,0,1,0,18,0.025454,28
492,0,1,0,24,0.015264,26
493,0,1,0,20,0.025454,28
530,0,1,0,12,0.025454,29
550,0,0,1,8,0.025454,30
570,0,1,0,12,0.025454,27
571,0,1,0,11,0.038927,28
572,0,1,0,5,0.025454,29
573,0,1,0,13,0.025454,28
574,0,1,0,8,0.025454,30
590,1,0,0,9,0.012059,29
591,1,0,0,9,0.011352,29
592,1,0,0,10,0.025454,30
600,1,0,0,4,0.025454,30
601,0,1,0,8,0.025454,27
602,0,1,0,10,0.025454,30
603,0,1,0,7,0.025454,28
610,1,0,0,15,0.024201,30
611,0,1,0,10,0.025454,30
612,0,1,0,12,0.025454,29
613,0,0,1,8,0.025454,30
614,0,0,1,13,0.025454,27
710,0,0,1,26,0.025148,16
720,0,0,1,18,0.025454,25
770,1,0,0,5,0.021342,30
771,1,0,0,8,0.023536,28
790,0,1,0,6,0.019459,29
791,0,1,0,4,0.020861,30
792,0,1,0,8,0.025454,28
820,1,0,0,10,0.025454,28
821,1,0,0,9,0.025454,29
822,1,0,0,9,0.025454,25
840,1,0,0,10,0.025454,28
841,1,0,0,8,0.025454,29
842,1,0,0,10,0.025454,29
970,0,0,1,12,0.025454,29
1050,0,0,1,20,0.025454,26
1051,0,1,0,17,0.01258,28
1052,0,1,0,27,0.025454,28
1053,1,0,0,13,0.025454,29
1100,0,0,1,12,0.025454,29
1110,1,0,0,4,0.044002,29
1111,1,0,0,4,0.025454,29
1112,1,0,0,6,0.046175,30
1113,1,0,0,1,0.048047,30
1120,1,0,0,6,0.0080546,30
1121,1,0,0,8,0.0089028,30
1130,0,0,1,55,0.025454,14
1131,0,0,1,66,0.046175,7
1170,0,1,0,20,0.025454,26
1180,1,0,0,12,0.01266,30
1181,1,0,0,14,0.015265,27
1190,1,0,0,11,0.025454,29
1191,0,1,0,16,0.025454,30
1192,0,1,0,13,0.025454,30
1230,1,0,0,9,0.022302,30
1231,1,0,0,11,0.025454,29
1232,1,0,0,3,0.025454,30
1260,1,0,0,11,0.039587,30
1261,1,0,0,6,0.044175,30
1290,1,0,0,7,0.025454,28
1291,1,0,0,10,0.0080695,29
1300,0,1,0,10,0.020223,30
1301,0,1,0,17,0.021093,30
1302,1,0,0,11,0.025454,30
1303,0,1,0,11,0.025454,30
1330,0,1,0,13,0.040832,25
1331,0,1,0,17,0.025454,29
1340,1,0,0,12,0.025454,30
1341,1,0,0,0,0.024374,30
1350,1,0,0,4,0.012277,30
1351,1,0,0,8,0.013845,30
1352,1,0,0,4,0.025454,30
1400,0,0,1,31,0.025454,24
1401,0,0,1,12,0.04107,24
1410,0,1,0,8,0.014333,30
1411,0,1,0,9,0.014176,30
1412,0,1,0,6,0.025454,30
1413,0,1,0,7,0.025454,29
1420,1,0,0,4,0.025454,30
1421,1,0,0,7,0.025454,30
1422,1,0,0,5,0.025454,30
1430,1,0,0,14,0.030274,27
1431,0,1,0,9,0.025454,30
1460,0,0,1,20,0.043162,21
1470,0,1,0,17,0.025454,24
1500,1,0,0,7,0.019714,29
1550,0,0,1,45,0.025454,16
1600,1,0,0,6,0.010953,30
1601,1,0,0,10,0.025454,29
1602,1,0,0,8,0.014291,30
1610,0,0,1,45,0.036049,25
1611,0,0,1,39,0.036516,24
1612,0,0,1,49,0.025454,21
1630,0,0,1,84,0.025454,0
1640,1,0,0,4,0.01266,29
1710,1,0,0,6,0.022767,30
1711,1,0,0,3,0.024078,29
1712,1,0,0,5,0.025454,29
1720,0,0,1,35,0.077026,18
1750,0,1,0,11,0.039309,29
1751,0,1,0,11,0.040013,30
1752,0,1,0,12,0.025454,29
1760,0,0,1,32,0.020223,18
1761,0,0,1,35,0.025454,18
1762,0,0,1,48,0.025454,15
1763,0,0,1,62,0.025454,9
1770,0,0,1,38,0.011139,22
1780,1,0,0,7,0.013282,25
1781,1,0,0,9,0.025454,28
1782,1,0,0,7,0.012559,26
1783,1,0,0,11,0.013806,27
1810,1,0,0,3,0.032013,30
1811,1,0,0,2,0.025454,30
1812,1,0,0,4,0.032804,30
1813,1,0,0,6,0.035545,30
1860,1,0,0,4,0.014213,29
1861,1,0,0,3,0.025454,30
1862,1,0,0,5,0.025454,29
1890,0,1,0,20,0.014973,27
1891,0,1,0,23,0.016722,29
1892,0,1,0,12,0.025454,29
1900,0,1,0,8,0.013267,26
1901,1,0,0,11,0.013037,26
1902,1,0,0,13,0.013309,29
1903,1,0,0,8,0.025454,29
1910,0,1,0,17,0.027861,28
1911,0,1,0,15,0.025454,24
1912,0,1,0,18,0.025454,27
1913,0,1,0,17,0.025454,26
1950,0,0,1,30,0.030139,21
1951,0,0,1,34,0.025454,18
1952,0,0,1,42,0.036629,15
1960,0,1,0,33,0.022767,25
1970,1,0,0,10,0.019568,30
1971,1,0,0,12,0.025454,29
1972,1,0,0,11,0.025454,30
1990,0,1,0,26,0.01897,27
1991,0,1,0,28,0.025454,27
1992,0,1,0,21,0.022576,28
1993,0,0,1,27,0.025454,25
2020,1,0,0,7,0.025454,28
2021,1,0,0,13,0.025454,29
2022,1,0,0,15,0.025454,29
2040,0,1,0,20,0.018575,25
2041,0,1,0,19,0.018888,25
2042,0,1,0,22,0.019392,26
2043,0,1,0,23,0.025454,24
2044,0,1,0,25,0.025454,24
2050,0,1,0,12,0.031621,30
2051,0,1,0,11,0.035629,30
2052,0,1,0,11,0.025454,29
2053,0,1,0,14,0.025454,30
2060,0,0,1,41,0.043247,17
2061,0,0,1,36,0.044673,15
2070,0,1,0,12,0.024909,26
2071,0,1,0,11,0.024679,27
2072,0,1,0,17,0.025454,29
2073,0,1,0,16,0.025454,27
2080,0,1,0,17,0.013648,27
2081,0,1,0,14,0.014265,25
2082,1,0,0,9,0.015659,28
2083,1,0,0,18,0.025454,29
2130,0,1,0,2,0.020541,28
2131,0,1,0,4,0.025454,29
2132,0,1,0,4,0.025454,30
2133,0,1,0,5,0.025454,30
2150,0,1,0,3,0.03229,30
2151,0,1,0,9,0.025454,29
2152,0,1,0,4,0.025454,29
2153,0,1,0,3,0.025454,30
2190,0,0,1,2,0.019714,29
2200,0,0,1,39,0.022818,21
2201,0,0,1,50,0.024909,18
2230,1,0,0,11,0.030215,30
2231,1,0,0,13,0.039807,26
2320,1,0,0,9,0.016112,29
2321,1,0,0,5,0.025454,30
2322,0,1,0,14,0.020379,28
2330,0,0,1,31,0.024502,19
2331,0,0,1,38,0.0263,20
2360,0,1,0,8,0.013462,26
2361,0,1,0,13,0.025454,28
2362,0,1,0,10,0.0089028,29
2363,0,1,0,6,0.025454,30
2430,1,0,0,7,0.013257,30
2431,1,0,0,10,0.025454,30
2460,0,0,1,16,0.046877,28
2461,0,0,1,19,0.051118,30
2480,0,0,1,40,0.051732,21
2481,0,0,1,43,0.057536,20
2482,0,0,1,45,0.025454,19
2483,0,1,0,49,0.025454,21
2490,1,0,0,12,0.0096595,30
2491,1,0,0,9,0.025454,30
2550,0,0,1,35,0.033272,20
2551,0,0,1,34,0.025454,22
2580,0,1,0,12,0.039136,28
2581,0,1,0,10,0.025454,27
2582,0,1,0,13,0.025454,26
2610,1,0,0,10,0.041835,30
2611,0,1,0,14,0.044736,25
2630,1,0,0,8,0.014929,29
2631,1,0,0,12,0.025454,30
2632,1,0,0,10,0.016044,30
2720,0,1,0,9,0.0067978,30
2721,0,1,0,7,0.025454,30
2722,0,1,0,8,0.0068132,30
2730,0,0,1,34,0.017877,24
2731,0,0,1,33,0.019166,19
2740,0,1,0,11,0.023481,30
2741,0,1,0,11,0.024323,29
2742,0,1,0,15,0.02609,30
2743,0,1,0,11,0.025454,29
2760,0,1,0,15,0.025454,26
2761,0,1,0,17,0.025454,29
2780,0,0,1,19,0.013282,26
2781,0,0,1,26,0.025454,27
2782,0,0,1,22,0.034787,28
2790,0,0,1,12,0.025454,29
2820,1,0,0,1,0.025148,28
2860,1,0,0,12,0.019043,30
2861,1,0,0,14,0.025454,29
2862,0,1,0,12,0.020869,30
2880,0,1,0,24,0.02079,25
2881,0,1,0,26,0.01258,27
2882,0,0,1,27,0.025454,25
2930,0,1,0,6,0.031133,30
2931,0,1,0,7,0.033112,28
2932,0,1,0,8,0.025454,30
2933,0,1,0,6,0.025454,30
2950,0,1,0,9,0.0071345,30
2951,0,1,0,5,0.0070364,30
2952,0,1,0,5,0.025454,30
2953,0,1,0,6,0.025454,30
2990,0,0,1,26,0.044364,25
2991,0,0,1,34,0.025454,23
3010,1,0,0,10,0.0263,28
3011,1,0,0,8,0.025454,30
3060,1,0,0,14,0.039931,29
3061,1,0,0,19,0.043589,24
3100,1,0,0,5,0.011463,30
3101,1,0,0,1,0.025454,29
3102,1,0,0,3,0.011983,30
3110,0,1,0,10,0.04614,30
3111,0,1,0,17,0.025454,26
3112,0,1,0,19,0.025454,29
3113,0,1,0,18,0.025454,24
3150,0,0,1,35,0.025454,15
3151,0,0,1,38,0.025454,15
3152,0,0,1,6,0.035545,14
3160,1,0,0,15,0.0085172,24
3161,1,0,0,17,0.025454,26
3162,1,0,0,14,0.008534,25
3220,0,0,1,52,0.042401,14
3230,1,0,0,4,0.031717,29
3231,1,0,0,4,0.025454,30
3232,1,0,0,7,0.025454,28
3250,0,0,1,36,0.03368,18
3310,0,1,0,11,0.027772,30
3311,0,1,0,7,0.025454,28
3370,0,0,1,27,0.030796,25
3371,0,0,1,32,0.025454,21
3372,0,0,1,25,0.025454,22
3430,1,0,0,15,0.025454,29
3431,1,0,0,12,0.046175,30
3432,0,1,0,14,0.025454,27
3440,0,0,1,20,0.059388,28
3441,0,0,1,18,0.025454,21
3450,0,1,0,19,0.03277,25
3451,0,1,0,28,0.035171,24
3452,0,0,1,71,0.025454,25
3453,0,0,1,33,0.025454,25
3460,0,1,0,13,0.012973,30
3461,0,1,0,9,0.012939,29
3462,0,1,0,12,0.025454,29
3500,1,0,0,10,0.013779,28
3501,1,0,0,8,0.015361,27
3502,1,0,0,7,0.025454,27
3550,1,0,0,1,0.018155,30
3551,1,0,0,12,0.014176,30
3552,0,1,0,9,0.025454,30
3590,1,0,0,5,0.014515,27
3591,1,0,0,3,0.014201,30
3592,1,0,0,4,0.025454,30
3600,1,0,0,8,0.017223,29
3601,1,0,0,9,0.0179,29
3602,1,0,0,7,0.018231,29
3603,1,0,0,7,0.01822,29
3620,0,0,1,77,0.025454,2
3670,0,1,0,30,0.060739,24
3710,0,1,0,24,0.035836,26
3711,0,1,0,27,0.025454,26
3820,0,0,1,30,0.04118,21
3821,0,0,1,35,0.044617,19
3830,0,0,1,41,0.025454,22
3831,0,0,1,31,0.025454,18
3832,0,0,1,36,0.025454,20
3840,0,1,0,38,0.037853,20
3841,0,0,1,40,0.040186,18
3842,0,0,1,47,0.025454,19
3843,0,0,1,47,0.025454,17
3860,0,0,1,37,0.044424,19
3870,0,0,1,26,0.028145,23
3871,0,0,1,35,0.014265,17
3880,1,0,0,8,0.022138,29
3930,1,0,0,10,0.021188,29
3931,1,0,0,6,0.025454,30
3960,1,0,0,10,0.020906,29
3980,0,1,0,9,0.014098,29
4000,1,0,0,18,0.025454,25
4001,1,0,0,19,0.025454,28
4030,1,0,0,5,0.025454,30
4031,1,0,0,13,0.025454,29
4070,0,0,1,25,0.059583,25
4071,0,0,1,23,0.025454,22
4072,0,0,1,29,0.025454,22
4150,0,1,0,4,0.012531,29
4151,0,1,0,6,0.013097,28
4152,0,1,0,2,0.012767,30
4153,0,1,0,9,0.025454,30
4190,1,0,0,14,0.027014,30
4200,1,0,0,8,0.026627,30
4201,1,0,0,6,0.028815,30
4202,1,0,0,7,0.025454,28
4220,0,1,0,21,0.025454,25
4221,0,1,0,11,0.025454,27
4230,1,0,0,8,0.025454,29
4231,0,1,0,15,0.025454,30
4232,0,0,1,30,0.0089028,25
4240,0,0,1,34,0.030645,23
4241,0,0,1,32,0.02972,24
4250,0,1,0,12,0.012033,26
4251,0,1,0,12,0.025454,30
4252,0,1,0,5,0.025454,26
4310,1,0,0,7,0.010489,30
4311,1,0,0,5,0.025454,29
4340,1,0,0,5,0.025454,28
4350,0,1,0,19,0.037386,25
4351,0,0,1,26,0.03859,21
4352,0,0,1,30,0.025454,18
4353,0,0,1,42,0.025454,16
4370,0,0,1,34,0.047174,24
4371,0,0,1,48,0.054402,15
4380,0,1,0,8,0.026009,27
4381,0,1,0,12,0.025454,28
4382,1,0,0,7,0.026924,30
4383,1,0,0,10,0.025454,26
4430,0,1,0,15,0.01984,30
4431,0,1,0,7,0.020809,30
4432,0,1,0,14,0.02157,28
4433,0,1,0,6,0.025454,28
4434,0,1,0,10,0.025454,27
4450,0,1,0,12,0.012033,30
4451,0,1,0,16,0.019386,30
4452,0,1,0,22,0.021393,29
4453,0,1,0,21,0.025454,29
4470,1,0,0,8,0.027938,29
4490,0,1,0,12,0.025454,27
4491,0,1,0,15,0.025454,24
4492,0,0,1,14,0.0068132,26
4493,0,1,0,17,0.025454,26
4510,1,0,0,11,0.015901,26
4511,0,1,0,17,0.018533,28
4540,1,0,0,13,0.017018,30
4541,1,0,0,14,0.025454,30
4542,0,0,1,14,0.01789,29
4550,1,0,0,12,0.025454,27
4551,1,0,0,13,0.013806,30
4560,1,0,0,10,0.026713,28
4561,0,1,0,12,0.028641,28
4562,0,1,0,16,0.029594,29
4570,1,0,0,6,0.011879,30
4571,1,0,0,6,0.012061,30
4600,0,0,1,22,0.015576,27
4601,0,0,1,29,0.019122,27
4640,1,0,0,4,0.023523,30
4641,1,0,0,6,0.019714,30
4642,1,0,0,6,0.025389,29
4680,1,0,0,3,0.026364,29
4681,1,0,0,2,0.02638,30
4682,1,0,0,4,0.025454,29
4710,1,0,0,2,0.010591,30
4711,1,0,0,1,0.019714,30
4712,1,0,0,3,0.025389,30
4740,1,0,0,6,0.021505,29
4760,0,1,0,24,0.025454,27
4761,0,0,1,27,0.025454,26
4762,0,0,1,28,0.025454,24
4780,1,0,0,7,0.010712,30
4781,1,0,0,5,0.011489,30
4782,1,0,0,5,0.011402,30
4790,0,0,1,32,0.021336,24
4791,0,0,1,34,0.026293,21
4820,0,1,0,1,0.011212,29
4821,0,1,0,5,0.018231,30
4822,0,1,0,1,0.025454,30
4823,0,1,0,0,0.025454,30
4850,0,0,1,51,0.03377,20
4851,0,0,1,12,0.037224,9
4852,0,0,1,78,0.043126,29
4890,0,1,0,21,0.025454,27
4920,0,1,0,16,0.016136,28
4921,0,1,0,13,0.025454,26
4922,0,1,0,9,0.025454,27
4923,0,1,0,16,0.025454,28
4930,0,1,0,8,0.013622,28
4931,0,1,0,13,0.014888,29
4932,0,1,0,10,0.025454,30
4933,0,1,0,10,0.025454,29
4960,1,0,0,9,0.019991,30
4961,1,0,0,9,0.021167,30
5040,0,0,1,20,0.025454,27
5041,0,1,0,24,0.0448,28
5050,1,0,0,3,0.024037,30
5051,1,0,0,2,0.02416,30
5070,0,1,0,16,0.0094965,28
5071,0,1,0,16,0.025454,27
5072,0,1,0,16,0.0092537,27
5073,0,1,0,16,0.0096654,25
5110,0,0,1,30,0.015869,23
5111,0,0,1,30,0.025454,23
5112,0,0,1,35,0.028641,20
5120,0,0,1,37,0.049246,15
5150,0,0,1,28,0.01033,26
5170,1,0,0,10,0.049246,30
5171,1,0,0,13,0.025454,30
5210,0,0,1,21,0.015419,24
5211,0,0,1,24,0.016935,25
5260,0,1,0,14,0.025454,29
5261,0,1,0,11,0.0070364,29
5262,0,1,0,10,0.025454,30
5263,0,1,0,17,0.025454,30
5320,0,0,1,38,0.021805,17
5360,0,1,0,10,0.025074,30
5361,0,1,0,11,0.026409,29
5362,0,1,0,6,0.027062,29
5363,0,1,0,15,0.025454,28
5370,0,1,0,10,0.020814,30
5371,0,1,0,12,0.025454,27
5372,0,1,0,21,0.025454,27
5373,0,1,0,18,0.025454,27
5380,0,1,0,25,0.049792,19
5381,0,1,0,25,0.049719,23
5382,0,1,0,45,0.056532,16
5470,0,1,0,6,0.0095966,30
5471,0,1,0,3,0.025454,30
5472,0,1,0,6,0.025454,30
5473,0,1,0,5,0.025454,30
5500,0,1,0,12,0.025454,29
5501,0,1,0,21,0.025454,28
5502,0,1,0,21,0.025454,29
5510,0,1,0,15,0.025454,26
5511,0,1,0,12,0.012939,30
5512,0,1,0,14,0.025454,30
5513,0,1,0,18,0.025454,28
5530,1,0,0,8,0.023727,24
5531,1,0,0,7,0.023333,30
5532,1,0,0,6,0.025454,28
5533,1,0,0,4,0.025454,28
5540,0,1,0,14,0.023522,28
5541,0,1,0,13,0.012939,25
5542,0,1,0,10,0.023736,25
5543,0,1,0,12,0.025454,24
5550,0,0,1,24,0.025454,23
5560,0,1,0,17,0.02681,27
5561,0,1,0,25,0.035729,27
5562,0,1,0,23,0.033922,26
5563,0,0,1,32,0.025454,22
5600,0,1,0,6,0.032318,27
5601,0,0,1,10,0.035129,26
5602,0,0,1,16,0.036851,25
5603,0,0,1,18,0.025454,27
5610,1,0,0,9,0.023025,30
5611,1,0,0,9,0.02395,30
5612,1,0,0,13,0.025454,30
5670,0,1,0,23,0.0067405,25
5671,0,0,1,29,0.0071658,21
5680,0,0,1,27,0.025454,21
5690,0,1,0,5,0.01522,28
5700,1,0,0,4,0.011993,30
5701,1,0,0,1,0.010489,30
5702,1,0,0,2,0.012618,30
5720,1,0,0,10,0.023524,28
5721,1,0,0,7,0.023984,28
5730,0,1,0,16,0.03932,28
5731,0,1,0,18,0.040385,27
5760,1,0,0,8,0.01872,29
5761,1,0,0,8,0.025454,27
5800,0,1,0,9,0.016988,27
5801,0,1,0,7,0.018762,28
5810,0,1,0,6,0.024037,29
5811,0,1,0,6,0.025454,28
5812,0,1,0,8,0.025454,30
5820,1,0,0,7,0.015751,28
5821,1,0,0,5,0.025454,30
5822,1,0,0,12,0.025454,27
5840,1,0,0,11,0.025454,30
5841,1,0,0,16,0.025454,30
5842,1,0,0,15,0.025454,30
5950,1,0,0,5,0.040605,29
5951,1,0,0,6,0.039384,26
5952,1,0,0,2,0.025454,29
5953,1,0,0,11,0.025454,29
6010,0,1,0,12,0.039604,30
6011,0,1,0,11,0.021093,29
6012,0,0,1,13,0.025454,26
6013,0,0,1,14,0.025454,25
6030,1,0,0,16,0.036215,30
6031,0,1,0,21,0.02638,27
6032,0,1,0,15,0.025454,29
6033,0,1,0,9,0.038735,27
6034,0,1,0,15,0.025454,29
6040,1,0,0,9,0.025454,30
6041,1,0,0,10,0.025454,29
6070,0,1,0,6,0.046504,27
6071,0,1,0,4,0.025454,26
6072,0,1,0,14,0.025454,25
6073,0,0,1,26,0.025454,19
6120,0,0,1,29,0.025454,25
6140,0,0,1,42,0.04525,20
6141,0,0,1,38,0.0096595,17
6150,0,1,0,20,0.028336,28
6151,0,1,0,17,0.025454,26
6152,0,1,0,19,0.033497,29
6153,0,1,0,24,0.025454,27
6170,0,1,0,5,0.011222,29
6171,0,1,0,5,0.011369,29
6172,0,1,0,8,0.011436,30
6173,0,1,0,3,0.044736,29
6180,0,0,1,22,0.044156,25
6181,0,0,1,31,0.025454,21
6182,0,0,1,31,0.048698,20
6183,0,0,1,28,0.025454,19
6220,0,1,0,15,0.025454,29
6221,0,1,0,15,0.025454,29
6222,0,1,0,14,0.025454,26
6260,1,0,0,11,0.020737,27
6261,1,0,0,15,0.025454,23
6290,0,0,1,17,0.02705,26
6291,0,0,1,22,0.03229,24
6292,0,0,1,29,0.013097,25
6340,1,0,0,10,0.025454,30
6341,1,0,0,13,0.021507,30
6360,0,1,0,5,0.02208,30
6361,0,1,0,6,0.021557,30
6362,0,1,0,6,0.025454,30
6370,1,0,0,8,0.022385,27
6371,1,0,0,3,0.022755,29
6372,1,0,0,9,0.025454,28
6380,0,1,0,15,0.006783,29
6381,0,1,0,7,0.025454,30
6382,0,1,0,9,0.048698,29
6383,0,1,0,8,0.025454,27
6390,0,1,0,14,0.011338,27
6391,0,1,0,18,0.012627,24
6392,0,1,0,20,0.025454,26
6480,0,0,1,37,0.01033,18
6490,1,0,0,14,0.061242,30
6491,1,0,0,16,0.061871,27
6510,0,1,0,14,0.025454,29
6511,0,1,0,14,0.025454,30
6512,0,1,0,9,0.025454,29
6513,0,1,0,15,0.025454,30
6560,0,1,0,26,0.016988,25
6610,0,0,1,26,0.011754,25
6611,0,0,1,26,0.011716,26
6690,0,0,1,34,0.022457,26
6691,0,0,1,39,0.025287,25
6692,0,0,1,45,0.028742,22
6730,1,0,0,2,0.016362,29
6731,1,0,0,6,0.017105,30
6732,1,0,0,1,0.025454,28
6740,1,0,0,2,0.013409,30
6741,1,0,0,6,0.025454,30
6742,1,0,0,3,0.013098,30
6750,0,0,1,38,0.037113,22
6751,0,0,1,58,0.042322,16
6760,0,0,1,21,0.030987,26
6761,0,0,1,9,0.013257,26
6762,0,0,1,17,0.033205,23
6763,0,0,1,22,0.025454,23
6764,0,0,1,26,0.025454,22
6770,1,0,0,9,0.03377,26
6771,1,0,0,15,0.025454,28
6772,1,0,0,12,0.025454,27
6790,0,1,0,8,0.026364,30
6791,0,1,0,9,0.018303,29
6792,0,1,0,8,0.025454,28
6793,0,1,0,9,0.025454,30
6810,0,1,0,27,0.011127,25
6811,0,1,0,29,0.010826,25
6812,0,0,1,33,0.012212,24
6813,0,0,1,35,0.025454,20
6814,0,0,1,34,0.025454,22
6830,0,1,0,9,0.012169,26
6831,0,1,0,6,0.025454,27
6832,0,1,0,10,0.01247,27
6833,0,1,0,9,0.025454,27
6840,0,0,1,27,0.041927,22
6841,0,0,1,35,0.042275,20
6842,0,0,1,31,0.047377,21
6860,1,0,0,7,0.032749,30
6870,1,0,0,9,0.025539,29
6900,1,0,0,5,0.03375,30
6901,1,0,0,9,0.040186,30
6902,1,0,0,5,0.033607,29
6910,1,0,0,6,0.015609,29
6911,1,0,0,6,0.025454,28
6912,1,0,0,8,0.025389,30
6930,1,0,0,4,0.025287,29
6931,1,0,0,8,0.025454,29
6940,1,0,0,5,0.014686,30
6941,1,0,0,5,0.016354,27
6970,1,0,0,8,0.028094,29
6971,1,0,0,4,0.029664,30
6990,1,0,0,16,0.025454,28
6991,1,0,0,10,0.025454,29
6992,0,1,0,18,0.025454,29
7040,0,1,0,5,0.011147,29
7041,0,1,0,1,0.011337,27
7042,0,1,0,2,0.011266,30
7043,0,1,0,3,0.025454,28
7110,0,1,0,2,0.018523,30
7111,0,1,0,7,0.019952,30
7112,0,1,0,2,0.025454,30
7150,0,1,0,22,0.031301,26
7151,0,1,0,29,0.012627,24
7152,0,1,0,26,0.025454,25
7160,0,1,0,17,0.033111,28
7161,0,1,0,11,0.025454,27
7162,0,1,0,17,0.025454,27
7210,0,1,0,3,0.037435,30
7211,0,1,0,3,0.04248,30
7280,1,0,0,13,0.011993,30
7281,1,0,0,12,0.01872,28
7282,1,0,0,16,0.020869,27
7290,1,0,0,8,0.017394,28
7291,1,0,0,15,0.025454,29
7292,1,0,0,9,0.025454,26
7330,1,0,0,4,0.025454,29
7331,1,0,0,5,0.025454,29
7332,1,0,0,5,0.025454,30
7333,1,0,0,7,0.025454,30
7360,0,1,0,23,0.025454,26
7361,0,1,0,28,0.035703,25
7362,0,1,0,25,0.03697,27
7363,0,1,0,30,0.025454,25
7364,0,1,0,27,0.025454,22
7390,1,0,0,12,0.025452,29
7391,1,0,0,4,0.011716,30
7392,1,0,0,10,0.02638,30
7410,0,0,1,34,0.025235,22
7411,0,0,1,32,0.026841,19
7412,0,0,1,32,0.040013,20
7413,0,0,1,39,0.025454,15
7450,0,0,1,45,0.031621,17
7451,0,0,1,51,0.025454,8
7452,0,0,1,8,0.025454,7
7460,0,1,0,6,0.013208,30
7461,0,1,0,7,0.013089,29
7462,0,1,0,12,0.013309,29
7463,0,1,0,22,0.025454,28
7510,0,1,0,3,0.018238,29
7511,0,1,0,9,0.025454,29
7520,0,1,0,12,0.037673,30
7540,0,1,0,24,0.025454,26
7541,0,0,1,28,0.025454,23
7560,1,0,0,10,0.019557,29
7570,1,0,0,7,0.017369,28
7571,1,0,0,7,0.025454,29
7590,1,0,0,5,0.011632,30
7591,1,0,0,3,0.025454,30
7592,1,0,0,5,0.01343,29
7600,1,0,0,2,0.026862,29
7601,1,0,0,2,0.026293,30
7602,0,1,0,5,0.028518,30
7620,0,0,1,41,0.02208,19
7621,0,0,1,52,0.025454,11
7622,0,0,1,12,0.039964,13
7650,1,0,0,5,0.015393,30
7651,1,0,0,5,0.025454,30
7652,1,0,0,6,0.025454,30
7660,1,0,0,8,0.0097674,30
7661,1,0,0,8,0.011402,30
7690,1,0,0,16,0.028913,29
7691,1,0,0,16,0.030031,29
7692,0,1,0,12,0.025454,24
7720,0,1,0,16,0.056479,29
7721,0,0,1,22,0.02638,26
7722,0,1,0,20,0.025454,29
7740,0,1,0,16,0.020207,25
7741,0,1,0,19,0.021278,23
7760,0,1,0,10,0.035385,26
7761,0,1,0,19,0.025454,26
7762,0,1,0,18,0.025454,27
7763,0,1,0,15,0.025454,25
7800,1,0,0,16,0.062627,30
7801,0,1,0,22,0.025454,27
7840,0,1,0,27,0.047701,24
7841,0,1,0,24,0.011402,26
7850,0,1,0,5,0.012737,28
7851,1,0,0,7,0.025454,30
7852,1,0,0,11,0.013934,25
7853,1,0,0,3,0.025454,29
7880,0,1,0,20,0.01147,27
7881,0,1,0,14,0.011494,27
7882,0,1,0,16,0.013675,24
7883,0,1,0,30,0.026924,25
7884,0,0,1,25,0.025454,24
7950,1,0,0,13,0.018152,30
7951,1,0,0,13,0.011369,27
7952,1,0,0,9,0.025454,29
7953,1,0,0,16,0.025454,30
7954,0,1,0,11,0.025454,29
7980,1,0,0,8,0.011754,30
7981,1,0,0,8,0.013098,30
8000,0,1,0,14,0.045253,29
8001,0,1,0,12,0.025454,29
8002,0,1,0,16,0.025454,27
8070,1,0,0,6,0.018464,30
8160,0,1,0,4,0.0097914,29
8161,0,1,0,14,0.0096208,27
8162,1,0,0,6,0.010015,27
8163,0,1,0,2,0.025454,28
8164,0,1,0,4,0.025454,27
8170,0,0,1,26,0.028834,25
8171,0,0,1,32,0.025454,24
8190,0,0,1,24,0.025211,27
8191,0,0,1,27,0.02696,25
8250,0,1,0,13,0.0095966,28
8251,0,1,0,9,0.025454,27
8270,1,0,0,6,0.027457,30
8271,1,0,0,7,0.029078,30
8290,0,0,1,40,0.017758,19
8291,0,0,1,35,0.018536,21
8300,1,0,0,10,0.02857,29
8301,1,0,0,7,0.028994,29
8302,0,1,0,7,0.021507,30
8330,0,1,0,18,0.036171,27
8331,0,1,0,22,0.036249,30
8332,0,1,0,26,0.033607,30
8333,0,0,1,32,0.025454,23
8350,0,1,0,17,0.025454,27
8351,0,1,0,19,0.025454,24
8352,0,1,0,24,0.025454,28
8370,1,0,0,8,0.018953,29
8371,1,0,0,5,0.021353,28
8380,0,1,0,13,0.01395,28
8381,0,1,0,23,0.025454,28
8382,0,1,0,23,0.025454,27
8383,0,1,0,24,0.025454,26
8430,1,0,0,10,0.013622,28
8431,0,1,0,14,0.025454,26
8500,0,1,0,14,0.03105,27
8501,0,1,0,32,0.03528,19
8510,1,0,0,3,0.010201,30
8511,1,0,0,3,0.012932,27
8530,1,0,0,12,0.03811,27
8531,1,0,0,11,0.039012,28
8532,1,0,0,8,0.02638,27
8533,1,0,0,6,0.040128,28
8550,0,0,1,30,0.057361,26
8551,0,0,1,39,0.061033,22
8552,0,0,1,38,0.064587,16
8560,0,0,1,18,0.020061,21
8561,1,0,0,32,0.016354,19
8630,0,0,1,25,0.032668,24
8631,0,0,1,43,0.039407,20
8632,0,0,1,74,0.025454,3
8650,0,1,0,9,0.0118,29
8651,0,1,0,13,0.011816,29
8652,0,1,0,8,0.025454,29
8710,0,1,0,3,0.0054172,30
8711,0,1,0,5,0.0057723,30
8712,0,1,0,4,0.025454,30
8740,0,1,0,13,0.025454,24
8741,0,1,0,16,0.025454,26
8742,0,1,0,11,0.025454,26
8743,0,0,1,18,0.025454,27
8790,0,1,0,43,0.039628,18
8791,0,0,1,12,0.041955,16
8800,0,1,0,25,0.038078,28
8801,0,1,0,31,0.041167,25
8802,0,0,1,31,0.025454,19
8810,0,1,0,12,0.018352,30
8811,0,1,0,14,0.025454,27
8812,0,1,0,17,0.016354,27
8820,1,0,0,14,0.0093247,29
8821,1,0,0,15,0.025454,29
8830,0,1,0,14,0.025454,29
8831,0,0,1,17,0.014176,28
8832,0,0,1,19,0.025454,28
8833,0,0,1,17,0.025454,27
8870,0,1,0,18,0.017345,27
8871,0,1,0,18,0.017043,27
8872,0,1,0,18,0.017679,27
8873,0,1,0,18,0.039964,30
8874,0,1,0,18,0.025454,29
8900,0,1,0,10,0.018179,29
8901,0,1,0,9,0.025454,30
8902,1,0,0,12,0.019153,30
8903,1,0,0,20,0.025454,30
8920,0,1,0,23,0.036756,29
8921,0,1,0,23,0.012061,28
8950,0,1,0,11,0.017394,30
8951,0,1,0,17,0.020814,29
8952,0,1,0,16,0.025454,29
8953,0,1,0,19,0.025454,30
8990,1,0,0,15,0.0054172,30
8991,0,1,0,17,0.011402,28
9000,0,0,1,25,0.020687,25
9030,0,1,0,4,0.021377,30
9031,0,1,0,4,0.0218,30
9032,0,1,0,3,0.023088,30
9033,0,1,0,3,0.025454,28
9040,1,0,0,13,0.03608,25
9060,0,1,0,13,0.012057,30
9061,0,1,0,13,0.011965,26
9062,0,1,0,14,0.023536,27
9063,0,1,0,12,0.025454,26
9110,0,1,0,6,0.040918,29
9120,0,0,1,38,0.025454,22
9130,1,0,0,11,0.022732,30
9131,0,1,0,11,0.025454,30
9132,0,1,0,3,0.025454,30
9133,0,1,0,7,0.025454,30
9140,0,0,1,34,0.036232,25
9141,0,0,1,30,0.038397,24
9142,0,0,1,34,0.04127,22
9150,0,0,1,30,0.025454,27
9151,0,0,1,20,0.026713,27
9180,0,1,0,11,0.025454,29
9181,0,1,0,12,0.012939,28
9182,0,0,1,12,0.025454,28
9190,1,0,0,6,0.039136,30
9191,1,0,0,4,0.025454,30
9192,1,0,0,6,0.025454,30
9193,1,0,0,5,0.025454,28
9200,0,1,0,8,0.022561,29
9201,0,1,0,10,0.024364,29
9202,0,1,0,10,0.025454,29
9203,0,1,0,9,0.025454,29
9240,0,0,1,25,0.038396,24
9241,0,0,1,23,0.025454,25
9242,0,0,1,49,0.025454,22
9280,0,0,1,37,0.017674,24
9281,0,0,1,44,0.018523,17
9440,1,0,0,3,0.027815,28
9441,1,0,0,3,0.028209,29
9442,1,0,0,2,0.025454,28
9450,0,1,0,11,0.022827,22
9480,0,1,0,14,0.029249,28
9481,0,1,0,19,0.029636,26
9482,0,1,0,14,0.025454,27
9510,1,0,0,5,0.029001,30
9511,1,0,0,7,0.028867,30
9512,1,0,0,9,0.030975,29
9513,1,0,0,4,0.025454,29
9520,0,1,0,10,0.051026,29
9521,0,0,1,11,0.025454,29
9522,0,0,1,8,0.025454,30
9530,0,1,0,17,0.030862,25
9531,0,1,0,23,0.033125,22
9540,1,0,0,18,0.047701,29
9541,1,0,0,18,0.028518,26
9580,0,1,0,6,0.036621,30
9581,0,1,0,9,0.03906,29
9582,0,1,0,10,0.041633,27
9583,0,1,0,10,0.025454,29
9630,0,1,0,24,0.061242,22
9631,0,1,0,31,0.030895,21
9640,0,1,0,18,0.015268,29
9641,0,1,0,13,0.016551,28
9650,1,0,0,13,0.027424,29
9651,1,0,0,9,0.054402,25
9652,1,0,0,8,0.025454,30
9653,0,1,0,9,0.025454,28
9680,0,0,1,26,0.051735,22
9681,0,0,1,41,0.021393,17
9682,0,0,1,47,0.025454,11
9690,0,1,0,15,0.01652,29
9691,0,1,0,15,0.025454,30
9692,0,0,1,11,0.025454,29
9693,0,1,0,15,0.025454,29
9700,0,1,0,15,0.01033,28
9701,0,1,0,14,0.025454,28
9702,0,1,0,19,0.036851,28
9710,1,0,0,3,0.013267,28
9711,1,0,0,3,0.025454,30
9712,1,0,0,3,0.0068132,30
9750,0,1,0,15,0.027714,25
9751,0,1,0,13,0.025454,28
9752,0,1,0,21,0.025454,23
9760,1,0,0,8,0.009847,29
9761,1,0,0,5,0.010444,29
9762,1,0,0,2,0.011014,29
9780,1,0,0,8,0.028993,29
9781,1,0,0,12,0.029211,30
9782,1,0,0,7,0.025454,30
9790,0,0,1,33,0.031636,21
9791,0,0,1,25,0.035307,19
9810,0,1,0,22,0.012021,29
9811,0,1,0,15,0.012155,28
9812,0,1,0,17,0.012477,25
9813,0,1,0,19,0.013659,27
9814,0,1,0,16,0.025454,30
9820,0,1,0,7,0.029663,29
9821,0,1,0,11,0.031265,29
9822,0,1,0,11,0.025454,28
9870,1,0,0,7,0.038144,30
9871,1,0,0,11,0.026293,27
9872,1,0,0,6,0.025454,28
9890,0,0,1,27,0.063345,21
9891,0,0,1,31,0.0096595,24
9930,0,0,1,27,0.040894,28
9950,1,0,0,3,0.012924,28
9951,1,0,0,5,0.025454,30
9970,0,1,0,19,0.026503,24
9971,0,1,0,19,0.028771,22
9972,0,1,0,17,0.025454,22
10010,0,1,0,5,0.038397,25
10011,0,1,0,7,0.030646,26
10012,0,1,0,8,0.025454,26
10013,0,1,0,17,0.025454,24
10020,0,0,1,42,0.012277,20
10021,0,0,1,35,0.038079,20
10030,0,1,0,25,0.012277,26
10031,0,1,0,36,0.024364,23
10032,0,1,0,36,0.025454,21
10033,0,1,0,46,0.025454,19
10040,1,0,0,6,0.030203,27
10041,1,0,0,12,0.025454,28
10050,0,1,0,11,0.018935,30
10051,0,1,0,16,0.015264,29
10100,1,0,0,13,0.025306,28
10101,1,0,0,9,0.02551,28
10102,0,1,0,13,0.026129,27
10103,0,1,0,11,0.025454,29
10104,0,1,0,11,0.025454,28
10160,1,0,0,6,0.007401,29
10161,1,0,0,3,0.025454,30
10162,1,0,0,7,0.0089507,30
10210,0,0,1,36,0.027605,23
10211,0,0,1,43,0.023522,22
10212,0,0,1,38,0.034593,18
10220,1,0,0,9,0.025703,28
10221,1,0,0,7,0.021093,29
10240,1,0,0,10,0.018687,30
10241,1,0,0,12,0.025454,27
10242,1,0,0,10,0.025454,30
10260,0,0,1,26,0.022561,26
10261,0,0,1,40,0.024374,21
10262,0,0,1,35,0.025454,24
10263,0,0,1,31,0.025454,22
10300,1,0,0,6,0.0055622,29
10301,1,0,0,5,0.025454,29
10302,1,0,0,4,0.025454,30
10320,0,1,0,12,0.02064,25
10321,0,1,0,14,0.025454,28
10322,0,1,0,16,0.025454,29
10323,0,1,0,16,0.025454,29
10330,1,0,0,6,0.039628,28
10331,0,1,0,10,0.025454,27
10332,0,1,0,10,0.025454,27
10340,0,1,0,13,0.013882,28
10350,0,1,0,18,0.025869,26
10351,0,1,0,15,0.025454,27
10352,0,1,0,13,0.025454,29
10353,0,1,0,17,0.025454,26
10400,1,0,0,10,0.028894,28
10401,1,0,0,11,0.037113,27
10402,1,0,0,16,0.025454,30
10420,0,1,0,15,0.017707,27
10421,0,1,0,15,0.02609,29
10422,0,1,0,10,0.018775,27
10430,1,0,0,5,0.01093,30
10431,1,0,0,1,0.043126,30
10432,1,0,0,2,0.012093,30
10460,1,0,0,9,0.023025,29
10461,1,0,0,8,0.03859,28
10462,1,0,0,11,0.025454,28
10470,0,1,0,11,0.018575,30
10500,0,1,0,9,0.021302,30
10501,0,0,1,9,0.022012,27
10520,1,0,0,4,0.044156,30
10521,1,0,0,2,0.011489,30
10522,1,0,0,3,0.011402,30
10560,0,1,0,14,0.016498,26
10561,0,1,0,16,0.025454,26
10562,0,1,0,22,0.025454,24
10563,0,1,0,25,0.025454,25
10610,0,1,0,17,0.050756,23
10611,0,1,0,13,0.018523,25
10612,0,1,0,14,0.05339,25
10613,0,1,0,12,0.025454,23
10660,0,1,0,25,0.028094,28
10661,0,0,1,12,0.025454,25
10662,0,0,1,74,0.025454,20
10720,0,1,0,14,0.023091,29
10730,1,0,0,12,0.025665,30
10731,1,0,0,5,0.025997,28
10750,0,0,1,36,0.039766,19
10751,0,0,1,43,0.043344,15
10760,1,0,0,16,0.036367,30
10761,1,0,0,15,0.025454,29
10762,1,0,0,19,0.036573,29
10763,1,0,0,15,0.03941,29
10764,1,0,0,18,0.025454,30
10850,0,1,0,19,0.025869,27
10851,0,1,0,20,0.038396,28
10852,0,1,0,20,0.025454,26
10860,0,0,1,29,0.0093247,26
10861,0,0,1,57,0.012939,12
10862,0,0,1,85,0.025454,23
10870,0,1,0,9,0.025454,29
10871,0,1,0,13,0.025454,27
10872,0,1,0,12,0.020869,28
10873,1,0,0,19,0.025454,29
10880,0,0,1,31,0.025454,26
10881,0,0,1,38,0.025454,24
10890,0,1,0,8,0.02857,30
10891,0,1,0,8,0.025454,29
10892,0,1,0,10,0.025454,30
10900,1,0,0,20,0.01093,29
10901,1,0,0,15,0.025454,27
10902,0,1,0,12,0.025454,25
10920,0,0,1,35,0.044395,20
10921,0,0,1,46,0.025454,13
10922,0,0,1,56,0.019122,10
10950,0,0,1,32,0.029034,23
10951,0,0,1,31,0.02551,22
10952,0,0,1,28,0.025454,26
10970,1,0,0,4,0.013459,30
10971,1,0,0,3,0.015612,30
11010,1,0,0,12,0.023222,30
11011,1,0,0,13,0.039807,29
11020,0,1,0,11,0.031494,29
11021,0,1,0,10,0.030111,29
11040,0,1,0,17,0.029078,30
11041,1,0,0,13,0.025454,30
11050,0,0,1,67,0.039407,9
11090,1,0,0,2,0.020934,30
11091,1,0,0,3,0.049246,30
11092,1,0,0,2,0.023059,30
11093,1,0,0,1,0.0236,30
11120,1,0,0,7,0.016296,30
11121,1,0,0,6,0.025454,30
11170,0,0,1,33,0.037368,23
11171,0,0,1,36,0.039542,22
11200,1,0,0,11,0.017758,29
11201,1,0,0,12,0.036573,29
11202,1,0,0,8,0.025454,30
11230,0,0,1,31,0.012277,24
11240,0,1,0,18,0.01704,29
11241,0,1,0,20,0.025454,30
11242,0,1,0,18,0.019155,30
11280,0,1,0,11,0.022561,27
11281,0,1,0,9,0.038144,28
11282,0,1,0,13,0.025454,30
11283,0,1,0,14,0.025454,27
11320,1,0,0,4,0.02188,28
11321,1,0,0,5,0.017707,28
11322,1,0,0,3,0.022081,30
11350,1,0,0,4,0.019166,29
11351,1,0,0,7,0.025454,29
11360,1,0,0,7,0.029735,30
11361,1,0,0,4,0.031856,28
11362,1,0,0,8,0.025454,30
11390,0,0,1,24,0.014821,26
11391,0,0,1,29,0.019288,25
11392,0,0,1,34,0.022241,21
11393,0,0,1,41,0.025454,19
11400,0,1,0,12,0.011147,29
11401,0,1,0,22,0.025454,27
11402,0,1,0,26,0.025454,23
11403,0,1,0,26,0.025454,25
11440,1,0,0,6,0.013074,29
11441,1,0,0,6,0.013659,30
11442,1,0,0,3,0.025454,30
11530,0,1,0,10,0.0064848,29
11531,0,1,0,7,0.025454,28
11570,0,1,0,16,0.030602,27
11571,0,1,0,12,0.030529,30
11572,0,1,0,18,0.025454,23
11590,0,1,0,15,0.026089,29
11591,0,1,0,11,0.027104,27
11610,0,0,1,49,0.020364,20
11611,0,0,1,44,0.0097674,18
11630,0,0,1,33,0.023294,24
11640,1,0,0,10,0.025454,30
11641,0,1,0,15,0.025454,28
11642,0,1,0,15,0.025454,28
11660,1,0,0,3,0.034247,26
11661,1,0,0,5,0.036301,30
11700,0,1,0,17,0.027392,25
11701,0,1,0,21,0.030536,26
11702,0,1,0,19,0.025454,24
11750,1,0,0,8,0.033736,30
11751,1,0,0,6,0.04127,30
11752,1,0,0,4,0.025454,30
11770,0,1,0,11,0.01368,30
11771,0,1,0,9,0.015239,26
11772,0,1,0,15,0.025454,27
11773,0,1,0,14,0.025454,29
11800,0,0,1,25,0.0071345,27
11801,0,0,1,26,0.022606,25
11802,0,0,1,38,0.025454,23
11810,0,1,0,17,0.024152,27
11811,0,1,0,18,0.025105,28
11812,0,1,0,17,0.025454,29
11813,0,1,0,14,0.025454,28
11840,1,0,0,6,0.039766,30
11841,1,0,0,9,0.019122,30
11850,0,0,1,33,0.030224,25
11851,0,0,1,26,0.03031,25
11870,0,0,1,31,0.028094,21
11871,0,0,1,35,0.027457,19
11900,0,0,1,27,0.018579,23
11901,0,0,1,27,0.019721,23
11960,0,1,0,15,0.031055,26
11961,0,1,0,14,0.035729,28
11962,0,1,0,11,0.037301,29
11970,0,0,1,32,0.039628,24
11971,0,0,1,32,0.025454,22
11980,0,0,1,4,0.023523,30
12000,1,0,0,15,0.029209,30
12001,1,0,0,15,0.028975,29
12002,1,0,0,7,0.030621,27
12003,1,0,0,10,0.025454,27
12010,0,0,1,12,0.029696,22
12011,0,0,1,36,0.030309,22
12020,0,1,0,11,0.050416,28
12021,0,1,0,12,0.051435,29
12022,0,1,0,18,0.02157,27
12023,0,1,0,19,0.025454,27
12040,1,0,0,6,0.023283,30
12041,1,0,0,8,0.023736,29
12080,0,0,1,37,0.034053,22
12081,0,0,1,35,0.036267,21
12090,0,0,1,12,0.050046,20
12091,0,0,1,36,0.025454,18
12120,0,0,1,27,0.055451,27
12121,0,1,0,20,0.012128,28
12130,0,1,0,16,0.02618,27
12131,1,0,0,8,0.016456,29
12132,1,0,0,11,0.017569,30
12133,1,0,0,12,0.025454,30
12170,1,0,0,3,0.023509,30
12171,1,0,0,5,0.025454,28
12200,1,0,0,5,0.025454,30
12201,1,0,0,8,0.025454,30
12202,1,0,0,8,0.025454,30
12230,0,0,1,22,0.031434,26
12231,0,0,1,31,0.032619,25
12232,0,0,1,22,0.034308,25
12250,0,0,1,45,0.069991,13
12280,1,0,0,5,0.02551,29
12281,1,0,0,5,0.022576,29
12282,1,0,0,7,0.025454,29
12290,0,1,0,23,0.038242,25
12291,0,1,0,26,0.04178,26
12310,1,0,0,5,0.034719,29
12311,1,0,0,5,0.036192,30
12330,0,1,0,10,0.013822,30
12331,0,1,0,9,0.028975,29
12340,0,1,0,14,0.025454,29
12341,0,1,0,8,0.025454,29
12360,1,0,0,9,0.025454,30
12361,1,0,0,6,0.014888,28
12380,0,1,0,17,0.057394,29
12381,0,1,0,14,0.05572,28
12382,0,1,0,14,0.025454,28
12383,0,1,0,20,0.025454,25
12390,1,0,0,6,0.018571,27
12391,1,0,0,7,0.018051,29
12392,1,0,0,3,0.02062,26
12430,0,1,0,7,0.0054714,27
12431,0,1,0,6,0.025454,30
12432,0,1,0,4,0.025454,30
12433,0,1,0,5,0.025454,29
12460,0,1,0,10,0.04486,29
12461,0,1,0,12,0.030621,30
12462,0,1,0,16,0.022241,28
12463,0,1,0,20,0.025454,23
12490,1,0,0,9,0.017857,29
12510,0,1,0,30,0.030908,24
12511,0,0,1,12,0.025454,24
12512,0,0,1,45,0.039443,18
12513,0,0,1,62,0.025454,14
12530,0,1,0,14,0.025454,29
12540,0,1,0,15,0.028562,27
12600,0,0,1,37,0.01779,22
12601,0,0,1,34,0.024323,24
12610,0,0,1,41,0.018011,26
12611,0,0,1,39,0.0097674,26
12630,0,0,1,58,0.026804,17
12640,1,0,0,11,0.012053,30
12641,1,0,0,11,0.012464,29
12642,1,0,0,9,0.025454,29
12650,0,1,0,12,0.012734,29
12651,0,1,0,11,0.035629,30
12652,0,1,0,17,0.012901,30
12653,0,1,0,7,0.025454,28
12690,0,0,1,22,0.016988,18
12700,0,1,0,10,0.0099998,30
12701,0,1,0,12,0.0097715,29
12702,0,1,0,4,0.01022,30
12703,0,1,0,9,0.025454,30
12730,0,1,0,25,0.02339,23
12731,0,1,0,28,0.024012,25
12732,0,0,1,34,0.025454,23
12733,0,0,1,39,0.025454,23
12820,0,0,1,33,0.016925,22
12850,1,0,0,8,0.0097244,29
12851,1,0,0,9,0.010182,30
12860,1,0,0,3,0.021695,30
12861,1,0,0,5,0.022011,28
12862,1,0,0,1,0.022653,29
12863,1,0,0,3,0.022949,30
12880,0,1,0,27,0.017369,28
12881,0,0,1,32,0.025454,24
12882,0,0,1,32,0.025454,21
12930,0,1,0,23,0.024403,27
12931,0,1,0,27,0.025454,27
12940,0,1,0,15,0.014176,27
12941,0,1,0,21,0.025454,27
12960,0,1,0,23,0.006783,25
12961,0,1,0,19,0.025454,24
13020,0,1,0,18,0.035569,28
13021,0,1,0,8,0.028771,28
13022,0,1,0,12,0.025454,30
13023,1,0,0,9,0.025454,28
13030,1,0,0,12,0.02148,30
13060,1,0,0,5,0.021281,28
13061,1,0,0,2,0.026293,29
13062,1,0,0,3,0.022877,30
13070,0,1,0,7,0.012241,30
13071,0,1,0,13,0.015168,23
13072,0,1,0,13,0.025454,28
13073,0,1,0,14,0.025454,29
13080,1,0,0,5,0.022266,30
13081,1,0,0,2,0.022361,30
13082,1,0,0,2,0.023155,29
13083,1,0,0,1,0.021353,30
13090,1,0,0,7,0.032301,27
13091,1,0,0,13,0.025454,29
13150,0,1,0,13,0.028831,30
13290,1,0,0,2,0.026063,28
13291,1,0,0,3,0.02523,30
13292,1,0,0,3,0.026226,29
13293,1,0,0,1,0.025454,29
13300,0,1,0,6,0.017448,25
13301,0,1,0,16,0.018035,29
13302,0,1,0,15,0.025454,27
13303,0,1,0,17,0.025454,26
13370,0,0,1,33,0.014212,22
13371,0,0,1,36,0.014751,20
13430,1,0,0,14,0.028771,29
13450,1,0,0,6,0.019212,28
13451,1,0,0,9,0.054402,27
13452,1,0,0,10,0.022839,24
13500,1,0,0,13,0.014821,27
13501,0,1,0,11,0.023059,26
13502,0,0,1,25,0.025454,23
13503,0,0,1,29,0.025454,26
13530,0,0,1,33,0.038079,17
13580,0,1,0,5,0.057394,29
13630,0,1,0,15,0.0083836,29
13631,0,1,0,11,0.025454,27
13632,0,1,0,18,0.025454,29
13633,0,1,0,14,0.025454,28
13660,0,0,1,12,0.014778,26
13661,0,0,1,27,0.025454,23
13662,0,0,1,27,0.015424,20
13663,0,0,1,28,0.025454,20
13670,0,0,1,29,0.012796,26
13671,0,0,1,22,0.011669,27
13680,0,1,0,15,0.018445,30
13681,0,1,0,24,0.028209,26
13682,0,0,1,12,0.025454,12
13690,0,1,0,9,0.034149,28
13691,0,1,0,14,0.035172,30
13692,0,1,0,12,0.025454,30
13693,0,1,0,24,0.025454,27
13710,0,0,1,31,0.04127,18
13711,0,0,1,41,0.02056,20
13712,0,0,1,40,0.025454,16
13740,1,0,0,6,0.028912,30
13741,1,0,0,7,0.030262,30
13742,1,0,0,14,0.025454,29
13780,1,0,0,11,0.030668,29
13781,1,0,0,13,0.025454,30
13790,1,0,0,3,0.012407,28
13830,0,1,0,16,0.0086005,27
13831,0,0,1,14,0.011134,26
13832,0,0,1,24,0.025454,28
13833,0,1,0,28,0.025454,26
13860,0,0,1,22,0.014572,28
13861,0,0,1,41,0.016998,21
13890,0,1,0,15,0.02696,24
13891,0,1,0,13,0.025454,28
13892,0,0,1,16,0.01343,29
13900,1,0,0,7,0.016527,29
13901,0,1,0,12,0.017279,29
13902,1,0,0,5,0.025454,30
13903,1,0,0,10,0.025454,30
13920,0,1,0,8,0.020659,30
13921,0,1,0,21,0.02609,29
13922,0,1,0,10,0.024596,29
13930,0,1,0,14,0.027356,26
13931,0,0,1,19,0.030165,26
13960,0,0,1,26,0.012407,22
13990,0,1,0,11,0.030281,29
13991,0,1,0,21,0.033572,28
14000,0,0,1,38,0.039012,25
14001,0,0,1,55,0.026226,6
14020,1,0,0,5,0.020034,30
14021,1,0,0,4,0.025454,29
14022,1,0,0,3,0.025454,30
14030,0,1,0,11,0.01804,30
14031,0,1,0,12,0.01971,30
14032,0,1,0,12,0.020035,30
14040,1,0,0,12,0.023104,29
14041,1,0,0,6,0.024432,30
14042,1,0,0,20,0.025454,30
14110,0,0,1,27,0.027115,25
14111,0,0,1,18,0.027578,21
14140,0,0,1,11,0.023891,28
14141,0,0,1,15,0.024461,25
14160,0,1,0,12,0.019483,29
14161,0,1,0,17,0.021831,24
14162,0,1,0,13,0.02609,28
14163,0,1,0,11,0.025454,27
14180,1,0,0,10,0.035703,24
14181,1,0,0,14,0.025454,25
14190,0,0,1,49,0.0054172,12
14200,1,0,0,21,0.044157,29
14201,1,0,0,11,0.038079,29
14202,1,0,0,14,0.047235,28
14220,0,1,0,14,0.021459,29
14221,0,1,0,16,0.029664,26
14222,0,1,0,13,0.025454,27
14223,0,1,0,17,0.024238,24
14224,0,1,0,19,0.025454,25
14300,0,1,0,9,0.010112,25
14310,0,0,1,22,0.042424,27
14330,0,0,1,26,0.026459,25
14331,0,0,1,25,0.035172,22
14370,1,0,0,10,0.037091,30
14380,0,1,0,4,0.02522,29
14420,1,0,0,3,0.02148,29
14440,0,1,0,21,0.021281,27
14441,0,1,0,14,0.025454,25
14442,0,1,0,17,0.025454,28
14500,0,1,0,14,0.016789,28
14501,0,1,0,9,0.016828,30
14502,0,1,0,8,0.01735,28
14503,0,1,0,13,0.025454,26
14510,0,0,1,26,0.026841,24
14540,0,1,0,2,0.010365,29
14541,0,1,0,5,0.054402,29
14542,0,1,0,0,0.02056,29
14560,0,1,0,19,0.022176,27
14561,0,1,0,16,0.021281,26
14562,0,1,0,10,0.022448,27
14563,0,1,0,13,0.025454,27
14564,0,1,0,16,0.025454,27
14650,0,1,0,11,0.008936,27
14660,0,1,0,1,0.013219,29
14661,0,1,0,5,0.014113,28
14662,1,0,0,4,0.025454,30
14670,0,1,0,29,0.033635,23
14680,0,1,0,14,0.01395,26
14681,0,1,0,11,0.0057723,29
14690,1,0,0,4,0.020511,30
14691,1,0,0,8,0.025094,30
14692,1,0,0,8,0.021507,30
14700,1,0,0,11,0.026134,28
14701,1,0,0,16,0.025454,29
14720,0,0,1,35,0.027065,20
14721,0,0,1,41,0.02884,22
14730,0,1,0,19,0.022629,27
14731,0,0,1,21,0.024054,27
14732,0,0,1,22,0.033922,21
14810,1,0,0,16,0.030602,30
14811,1,0,0,0,0.025454,30
14812,1,0,0,0,0.025454,30
14820,1,0,0,7,0.020455,30
14821,1,0,0,4,0.025454,30
14822,0,1,0,7,0.025454,30
14850,0,1,0,20,0.016961,19
14851,0,1,0,18,0.041835,28
14852,0,0,1,26,0.025454,25
14853,0,0,1,27,0.025454,25
14854,0,0,1,33,0.025454,24
14870,1,0,0,11,0.026851,30
14871,1,0,0,9,0.0266,28
14872,1,0,0,9,0.025454,29
14890,0,1,0,9,0.029034,30
14891,0,1,0,11,0.025454,28
14892,0,1,0,15,0.025454,23
14893,0,0,1,30,0.025454,25
14900,0,0,1,36,0.014931,21
14901,0,0,1,43,0.019291,18
14902,0,0,1,61,0.025454,13
14903,0,0,1,78,0.025454,4
14990,0,1,0,9,0.028723,26
14991,0,1,0,11,0.02933,24
14992,0,1,0,12,0.025454,27
14993,0,1,0,18,0.025454,25
15100,1,0,0,23,0.025361,24
15101,1,0,0,18,0.026135,25
15110,1,0,0,3,0.020631,27
15111,1,0,0,5,0.021831,30
15112,1,0,0,5,0.022592,30
15130,0,1,0,11,0.023937,28
15131,1,0,0,8,0.025454,30
15160,0,0,1,21,0.041718,24
15161,0,0,1,29,0.020034,21
15162,0,0,1,38,0.045689,22
15200,1,0,0,9,0.028698,27
15201,1,0,0,13,0.0089507,26
15220,0,1,0,10,0.012238,26
15221,0,1,0,12,0.025454,29
15230,0,1,0,3,0.026417,30
15231,0,1,0,0,0.027079,30
15232,0,1,0,6,0.025454,27
15233,1,0,0,2,0.029036,30
15240,0,1,0,4,0.039163,29
15241,0,1,0,7,0.040877,30
15242,0,1,0,8,0.025454,30
15243,0,1,0,10,0.025454,30
15270,0,1,0,22,0.036295,27
15271,0,1,0,21,0.036192,26
15272,0,1,0,28,0.041821,24
15280,0,0,1,19,0.042469,25
15281,0,0,1,39,0.049598,20
15282,0,0,1,58,0.025454,11
15283,0,0,1,73,0.025454,2
15290,0,0,1,34,0.041169,23
15320,0,0,1,32,0.028698,21
15330,0,1,0,13,0.050072,26
15331,0,1,0,8,0.050513,28
15332,0,1,0,10,0.025454,27
15340,1,0,0,17,0.022176,30
15341,1,0,0,12,0.025454,30
15342,0,1,0,19,0.025454,27
15370,0,1,0,19,0.036267,26
15371,0,1,0,13,0.02109,26
15372,0,1,0,21,0.025454,25
15373,0,1,0,21,0.025454,26
15420,1,0,0,8,0.018187,28
15421,1,0,0,9,0.034308,30
15422,1,0,0,11,0.018951,28
15450,0,1,0,16,0.027466,28
15451,0,1,0,19,0.025094,25
15500,1,0,0,8,0.026461,27
15501,0,1,0,11,0.027849,23
15520,0,0,1,36,0.023523,24
15521,0,0,1,33,0.025454,23
15550,0,1,0,15,0.019872,27
15551,0,1,0,16,0.025454,30
15620,0,1,0,14,0.018107,29
15621,0,1,0,12,0.021831,30
15622,0,1,0,13,0.021507,29
15640,0,0,1,39,0.027888,24
15650,0,0,1,31,0.023509,24
15651,0,0,1,38,0.025454,20
15652,0,0,1,48,0.025454,17
15680,0,1,0,22,0.036621,26
15681,0,1,0,25,0.023088,27
15730,1,0,0,12,0.051735,28
15731,0,1,0,13,0.025454,26
15760,1,0,0,10,0.017674,29
15761,1,0,0,7,0.026293,28
15762,1,0,0,9,0.016044,29
15850,1,0,0,8,0.016003,28
15851,1,0,0,9,0.01651,28
15852,1,0,0,5,0.025454,27
15853,1,0,0,11,0.025454,28
15880,1,0,0,1,0.020777,29
15881,1,0,0,1,0.022272,30
15882,1,0,0,5,0.025454,29
15890,0,1,0,9,0.017569,29
15891,0,1,0,9,0.025454,29
15900,1,0,0,4,0.017711,27
15901,1,0,0,5,0.018525,30
15902,1,0,0,6,0.040128,28
15910,0,1,0,15,0.012796,29
15920,1,0,0,9,0.025211,30
15921,1,0,0,8,0.025454,29
15922,1,0,0,4,0.025454,29
15950,0,1,0,14,0.018361,30
15951,0,1,0,12,0.018969,30
15960,0,1,0,32,0.027604,26
15961,0,0,1,39,0.025454,21
16120,0,1,0,9,0.014182,30
16121,0,1,0,9,0.01668,29
16122,0,1,0,9,0.022241,30
16123,0,1,0,5,0.025454,29
16140,0,1,0,16,0.013738,28
16141,0,1,0,13,0.012866,30
16142,0,1,0,12,0.016044,30
16143,0,1,0,16,0.025454,27
16150,0,1,0,2,0.012309,30
16151,0,1,0,3,0.012455,30
16152,0,1,0,3,0.025454,30
16153,0,1,0,1,0.01406,30
16160,0,1,0,23,0.025454,27
16161,0,1,0,24,0.048827,25
16162,0,1,0,16,0.025454,27
16180,0,1,0,9,0.027511,28
16181,0,1,0,9,0.025454,30
16200,0,1,0,5,0.013235,28
16201,0,1,0,25,0.014304,29
16202,0,0,1,30,0.025454,23
16203,0,0,1,32,0.025454,20
16260,1,0,0,4,0.025454,28
16261,1,0,0,4,0.0097674,29
16262,1,0,0,7,0.025454,29
16290,0,0,1,25,0.042195,25
16291,0,0,1,27,0.011816,25
16300,1,0,0,4,0.013021,28
16301,1,0,0,3,0.013108,30
16302,1,0,0,7,0.025454,29
16350,0,1,0,16,0.021354,25
16351,0,1,0,20,0.025454,25
16352,0,1,0,17,0.024938,29
16353,0,1,0,17,0.025454,25
16360,1,0,0,7,0.02137,30
16380,1,0,0,10,0.050428,28
16381,1,0,0,13,0.025454,29
16400,0,1,0,10,0.012611,30
16401,0,1,0,14,0.025454,29
16402,0,1,0,16,0.012361,29
16410,0,1,0,16,0.030602,26
16411,0,1,0,25,0.042322,25
16460,0,1,0,2,0.013911,29
16461,1,0,0,3,0.025454,30
16462,1,0,0,2,0.025454,30
16463,1,0,0,7,0.025454,27
16540,1,0,0,11,0.016566,30
16541,1,0,0,7,0.015964,30
16550,0,0,1,26,0.024987,22
16551,0,0,1,34,0.024364,23
16600,1,0,0,7,0.007401,29
16601,1,0,0,11,0.025454,28
16610,1,0,0,7,0.023431,30
16611,0,1,0,4,0.026783,30
16612,0,1,0,3,0.025454,29
16613,0,1,0,5,0.025454,29
16620,0,0,1,17,0.016447,26
16621,0,0,1,28,0.025148,22
16650,1,0,0,16,0.014624,30
16651,1,0,0,18,0.025454,30
16690,0,0,1,30,0.039175,25
16691,0,0,1,29,0.040249,24
16720,1,0,0,12,0.019538,30
16721,1,0,0,12,0.019756,29
16722,1,0,0,12,0.025454,30
16730,1,0,0,11,0.04248,30
16731,1,0,0,10,0.025454,30
16732,1,0,0,10,0.025454,30
16790,1,0,0,2,0.016569,29
16791,1,0,0,6,0.025454,30
16800,1,0,0,8,0.013074,29
16801,0,1,0,13,0.025454,27
16840,0,1,0,18,0.027714,30
16841,0,1,0,19,0.029777,30
16930,0,0,1,29,0.028723,24
16931,0,0,1,20,0.036267,22
16940,1,0,0,6,0.014176,29
16941,1,0,0,8,0.013996,30
16950,1,0,0,7,0.0096788,29
16951,1,0,0,10,0.042195,28
16952,1,0,0,5,0.010321,30
16953,1,0,0,6,0.025454,29
16970,0,1,0,28,0.02873,28
16971,0,1,0,10,0.030675,27
17000,1,0,0,7,0.021069,28
17001,1,0,0,8,0.0215,30
17002,1,0,0,4,0.025454,30
17003,1,0,0,7,0.025454,28
17060,1,0,0,9,0.010864,28
17061,1,0,0,7,0.025454,30
17062,1,0,0,9,0.011132,27
17100,0,1,0,24,0.019872,28
17101,0,0,1,31,0.021507,20
17110,0,1,0,15,0.018953,28
17111,0,1,0,21,0.025454,28
17112,0,1,0,16,0.025454,27
17113,0,1,0,18,0.025454,28
17130,1,0,0,7,0.014913,30
17131,1,0,0,6,0.025454,30
17150,1,0,0,16,0.03603,29
17151,1,0,0,18,0.0097674,26
17152,0,1,0,24,0.044136,25
17160,0,0,1,26,0.018828,25
17161,0,0,1,31,0.021096,24
17162,0,0,1,22,0.025454,22
17163,0,0,1,30,0.025454,21
17170,0,1,0,16,0.018571,27
17171,0,1,0,19,0.027917,28
17172,0,1,0,13,0.030299,28
17173,0,1,0,19,0.030754,29
17190,0,1,0,14,0.023283,26
17191,0,0,1,33,0.014888,25
17240,0,1,0,11,0.024201,28
17241,0,1,0,14,0.026443,28
17250,0,0,1,21,0.014489,30
17251,0,0,1,27,0.014703,25
17280,1,0,0,6,0.023548,27
17281,1,0,0,7,0.01668,27
17282,1,0,0,9,0.025454,28
17310,1,0,0,12,0.021459,30
17311,1,0,0,9,0.026783,28
17312,1,0,0,10,0.022839,27
17320,0,1,0,31,0.02264,24
17321,0,1,0,26,0.023583,26
17322,0,0,1,45,0.025544,22
17323,0,0,1,47,0.025454,23
17360,0,1,0,33,0.0059314,30
17361,0,1,0,1,0.0055996,30
17362,0,1,0,2,0.019153,30
17363,0,1,0,2,0.025454,30
